{
  "tokens": 44549,
  "stability": {
    "mean": 672.8636935961797,
    "min": 43.25917358037024,
    "max": 5003.745552236858
  },
  "spread": {
    "mean": 0.3688370626965556
  },
  "mass": {
    "mean": 243.67545530713312
  },
  "thresholds": {
    "s_mid": 0.6,
    "s_high": 1.2
  },
  "phase_counts": {
    "collapsed": 24418,
    "stable": 13529,
    "event_horizon": 6602
  },
  "schwarzschild": {
    "a": 2.1,
    "b": 0.52,
    "gamma": 0.25,
    "kappa": 0.6,
    "delta": 0.15,
    "s_star": 0.36782910848899647,
    "ppmi_fit_coeffs": [
      0.025211374200667054,
      -0.7044621063486189,
      7.117236233394302
    ]
  }
}