{"feature_order": ["span_norm", "entropy_norm", "centrality", "tight_norm", "context_size", "frequency"], "norm": {"mean": [0.9252063832810292, 0.9458859151419653, 1056.7170979500663, 0.08494935056621446, 1299.8133333333333, 302.78816666666665], "std": [0.012839052484316856, 0.026642550821770694, 426.89134185192677, 0.036446616675572724, 1064.92104049497, 930.1490507583418]}, "W1": [[0.029519332738907254, -0.11069969834534239, 0.07987327263221307, 0.09514192992068059, -0.18574723661334966, -0.12135335570205197], [0.012255422861736828, -0.03479239113797872, 0.0006453019062721811, -0.08437902310528445, 0.0930057663324862, 0.08281748628182374], [0.006937622439903755, 0.11455428062416054, 0.045527932718740664, -0.08647650365515196, 0.034207774460075085, -0.09855791035509695], [0.08826808996516225, -0.0029630446412653656, -0.02002176863317967, -0.06830244231384439, 0.11935929704302282, -0.01816145722261025], [-0.04272358893527735, -0.03417971720515896, 0.0523676964216414, 0.03663715621669967, 0.03983508361539295, 0.04181616828159822], [0.2118055082062268, -0.046240605183934386, -0.04773039622907094, -0.0795918084927913, 0.06964239965488399, 0.12099525899163599], [-0.012731954455950692, -0.09337582419596675, -0.07561560500141278, 0.06693016514117446, 0.08818892167446825, 0.06782829614858146], [-0.06653634712046635, 0.023426707454779372, 0.01146595482139308, 0.022001902705814914, 0.08694303490605326, 0.022256976709890016], [0.06777053435391119, 0.005008090280658409, 0.030338147742129326, 0.06311236433368454, -0.14320803847509014, -0.02969862628512811], [-0.04658213802966256, -0.061745208655370115, -0.028976222230574333, 0.14905553382863523, -0.08946486433822398, 0.09409949408286865], [-0.1678971933493535, -0.030713527816439542, 0.014279984651694827, 0.05832620660502062, 0.0673101811310486, 0.07575984622378733], [-0.03479324293399834, -0.045788183665130454, 0.08548346257823528, -0.0193432003217348, -0.1284574562736008, -0.11431183777994458], [-0.09126066914676886, 0.052753276309104744, 0.011944240579709184, 0.06847972852704165, -0.04742981020066164, 0.011278236062870518], [0.06269573211552527, -0.03013091482491157, 0.0450629235686564, -0.06634774953340941, -0.03757279389256897, -0.039420819169995854], [-0.1192612300744295, 0.050805859626651004, -0.048570205569809295, 0.0010538387769495092, 0.04489162463312838, 0.04161414271886389], [0.06644946983453699, -0.012450247364485004, -0.04011951526821451, -0.008234726266445502, -0.16498059939228849, -0.14138538430217887], [-0.13231142736615656, -0.10054051137052773, 0.04048590302053561, -0.0901087567025571, -0.036391112999900374, 0.1314552902359166], [-0.035480683362323163, 0.07461923857151775, -0.09400897471018727, -0.020901692151320865, -0.09665775306530733, -0.035649719873056304], [0.08437055783370129, -0.16945541014729776, 0.041056693409661046, 0.023344796451661615, -0.06422315322783488, -0.14926705706485804], [0.007015040315847265, -0.05452773073826877, 0.024524595693079885, 0.0025055615468854045, 0.16295473647160288, -0.021144677545701835], [-0.10198521212460496, 0.02011733321900465, 0.020378131066146908, 0.1356785846819313, 0.08046869496341971, 0.03284880411275445], [0.14619395677902097, -0.12000720139696741, -0.06306313880465693, -0.09267259589056857, -0.03740571984386575, -0.13626254124110368], [0.06343818007970731, -0.022670019021378055, -0.14674707876989784, -0.10144013619697051, 0.032075667080657545, 0.08453989614273978], [0.19983851021006147, 0.2950514917499344, 0.03984727336936297, -0.10094716337342867, -0.21809802216282537, 0.021515405354692096], [-0.08175942930710804, -0.049034368238408524, -0.055391966987726554, -0.013307615968992428, 0.11854962621460706, 0.027405910659007], [-0.01659129713754593, -0.10869655610837875, -0.16352169790993823, -0.048067568261573344, 0.002553779268068302, 0.18450162282191201], [0.012150051893872233, 0.09213916227915468, -0.04539689840834007, -0.11772140923332593, -0.0879676934534557, -0.06452645222728051], [0.20779182840668325, -0.09136876389663146, 0.0895878826246604, -0.08698452215710484, 0.10636337211203643, 0.051571859105881954], [-0.01605133714563328, -0.0066831460134058945, -0.0634088707736765, 0.044710203038961976, -0.041758596850888, -0.11913365859219892], [-0.12758650399585306, 0.020049300400779988, 0.15568338794926176, 0.015817656446551476, -0.016076878587913422, 0.02461755579947558], [0.1304230342768376, 0.020944340194012947, -0.04041046769125685, 0.11099932948612776, 0.04449905428982239, 0.15526090550552235], [0.01846550383352867, -0.12152425146085137, -0.1375386105305182, 0.16517811158499562, 0.1712556640267091, -0.018869637155882534], [-0.037544562042121025, 0.15064865282156095, -0.11389639697409012, -0.090627146937288, 0.057604849062145164, -0.04609023984166563], [0.0002995313547524724, -0.010838231840965827, 0.029726214341514363, 0.1397555997959443, 0.0011227419041820901, 0.05680125935401813], [-0.20504956361378848, -0.005151057676115315, -0.08406078158917846, -0.12204410282904705, -0.08754771086304376, -0.03326919195746323], [0.09239934739931988, -0.12746050155801314, -0.0010222650331501567, -0.0489069724130937, -0.04056217644265188, 0.09291788634081502], [0.05391210943261613, 0.13420742917418768, -0.015704325370113542, -0.06988211418723546, -0.023137689150444455, 0.023424805280230852], [0.017240351095225454, -0.11145039448990711, 0.011296414517764261, 0.02398809563110837, 0.2573048039823775, 0.19343527193771953], [-0.08560761544777831, -0.031027940961243065, -0.1445941362037172, -0.05878139656865798, 0.03516449870247016, 0.12412186134526416], [-0.0744305234453469, -0.07167422384397693, -0.21009289131340603, -0.015850522892249006, -0.09770963370911301, -0.045134583644003724], [-0.08803554581990418, -0.013036771525311562, -0.17312201769886257, -0.14594926780866527, 0.21832924998683131, -0.12349991890954276], [-0.10988498538764004, 0.1819575504811123, 0.2916677978790706, -0.1166823771612428, -0.034456047876579306, 0.036421903592768035], [0.17318904539701346, -0.09556647988979501, -0.026818621529423797, 0.07725526955610781, 0.03887357819137534, -0.04206143177928864], [-0.0123687002213113, -0.13047477051453818, -0.029059454569364093, -0.02707150409274298, 0.013021949835609638, -0.06523242197063131], [0.046336177175643874, 0.0958132238215195, 0.01972196633392372, 0.035428019655352305, 0.013455712235568785, 0.007772399874657323], [-0.07188444784829755, 0.033415669184744555, -0.011059151400420901, 0.2092233431312622, 0.155004489114871, 0.03649219839545535], [-0.07674559190007131, -0.1155740392819184, 0.12236527092454365, 0.026941191717346224, 0.054536227090808596, -0.16820312788902717], [0.09299575475029448, 0.047368490077373586, -0.11246341180169109, -0.04756850847380037, 0.0233739181251298, 0.00228949209391687], [-0.029284398077442812, -0.010920188273340573, -0.024707386330046394, 0.015163889557646847, 0.14793720537346133, -0.255990423297722], [-0.024530614394943112, 0.010524300167738533, 0.03540717961219881, -0.03692298281818911, -0.16470288033669975, 0.0431462307952049], [0.17338746751433698, -0.14988584327893606, 0.08369520473330938, -0.03333413296048737, -0.011302057194488966, -0.11016595475338466], [-0.03376984633985435, 0.12775914385715784, 0.05996839054671153, 0.1736908903742735, 0.1212895891330548, 0.04740924152837716], [0.17380483186513934, 0.041626246545581516, 0.08431954933714562, -0.029257032189311107, 0.009738271456082331, -0.0667848856372317], [0.09768576817751135, -0.1219261083265597, 0.08130713975915746, -0.017798950552492223, 0.12393171668140887, 0.08183607253394164], [0.1821973879468295, 0.07082561344105413, -0.1554119968730962, -0.006705443191278941, -0.11408564197798707, -0.04907130537334371], [0.15135379456000703, 0.0654988246902065, -0.07093400062740125, -0.10214691862930221, 0.0006211947980225863, -0.1244525247814119], [-0.06721815965675161, 0.030527691564909323, 0.1161088602724705, 0.060740994945691525, -0.22827286814333705, 0.03113293653900778], [0.007423793723083323, 0.04255621022493022, 0.16080916517013305, -0.2065639988051582, 